{
  "Run 1": {
    "Total GB": 459.561500672,
    "Bandwidth(GB/s)": 15.318716689066667
  },
  "Run 2": {
    "Total GB": 468.15143526400004,
    "Bandwidth(GB/s)": 15.605047842133335
  },
  "Run 3": {
    "Total GB": 481.03633715200004,
    "Bandwidth(GB/s)": 16.034544571733335
  },
  "Run 4": {
    "Total GB": 476.741369856,
    "Bandwidth(GB/s)": 15.8913789952
  },
  "Run 5": {
    "Total GB": 485.331304448,
    "Bandwidth(GB/s)": 16.177710148266666
  },
  "Run 6": {
    "Total GB": 444.52911513600003,
    "Bandwidth(GB/s)": 14.817637171200001
  },
  "Run 7": {
    "Total GB": 455.26653337600004,
    "Bandwidth(GB/s)": 15.175551112533334
  },
  "Run 8": {
    "Total GB": 459.561500672,
    "Bandwidth(GB/s)": 15.318716689066667
  },
  "Run 9": {
    "Total GB": 461.70898432,
    "Bandwidth(GB/s)": 15.390299477333334
  },
  "Run 10": {
    "Total GB": 457.41401702400003,
    "Bandwidth(GB/s)": 15.247133900800002
  },
  "Averages": {
    "Total GB": 464.930209792,
    "Bandwidth(GB/s)": 15.497673659733334
  }
}