{
  "Run 1": {
    "Total GB": 377.95712204800003,
    "Bandwidth(GB/s)": 12.598570734933334
  },
  "Run 2": {
    "Total GB": 377.95712204800003,
    "Bandwidth(GB/s)": 12.598570734933334
  },
  "Run 3": {
    "Total GB": 377.95712204800003,
    "Bandwidth(GB/s)": 12.598570734933334
  },
  "Run 4": {
    "Total GB": 377.95712204800003,
    "Bandwidth(GB/s)": 12.598570734933334
  },
  "Run 5": {
    "Total GB": 377.95712204800003,
    "Bandwidth(GB/s)": 12.598570734933334
  },
  "Run 6": {
    "Total GB": 380.104605696,
    "Bandwidth(GB/s)": 12.670153523200002
  },
  "Run 7": {
    "Total GB": 375.80963840000004,
    "Bandwidth(GB/s)": 12.526987946666669
  },
  "Run 8": {
    "Total GB": 377.95712204800003,
    "Bandwidth(GB/s)": 12.598570734933334
  },
  "Run 9": {
    "Total GB": 377.95712204800003,
    "Bandwidth(GB/s)": 12.598570734933334
  },
  "Run 10": {
    "Total GB": 380.104605696,
    "Bandwidth(GB/s)": 12.670153523200002
  },
  "Averages": {
    "Total GB": 378.17187041280005,
    "Bandwidth(GB/s)": 12.605729013760001
  }
}