{
  "Run 1": {
    "Total GB": 508.95362457600004,
    "Bandwidth(GB/s)": 16.965120819200003
  },
  "Run 2": {
    "Total GB": 511.10110822400003,
    "Bandwidth(GB/s)": 17.036703607466666
  },
  "Run 3": {
    "Total GB": 511.10110822400003,
    "Bandwidth(GB/s)": 17.036703607466666
  },
  "Run 4": {
    "Total GB": 504.65865728000006,
    "Bandwidth(GB/s)": 16.821955242666668
  },
  "Run 5": {
    "Total GB": 513.248591872,
    "Bandwidth(GB/s)": 17.108286395733334
  },
  "Run 6": {
    "Total GB": 515.3960755200001,
    "Bandwidth(GB/s)": 17.179869184
  },
  "Run 7": {
    "Total GB": 508.95362457600004,
    "Bandwidth(GB/s)": 16.965120819200003
  },
  "Run 8": {
    "Total GB": 508.95362457600004,
    "Bandwidth(GB/s)": 16.965120819200003
  },
  "Run 9": {
    "Total GB": 515.3960755200001,
    "Bandwidth(GB/s)": 17.179869184
  },
  "Run 10": {
    "Total GB": 506.80614092800005,
    "Bandwidth(GB/s)": 16.893538030933335
  },
  "Averages": {
    "Total GB": 510.45686312960004,
    "Bandwidth(GB/s)": 17.01522877098667
  }
}